{
  "valid": {
    "hits@1": 0.6836158192090396,
    "hits@3": 0.8983050847457628,
    "hits@10": 0.9491525423728814,
    "mrr": 0.7862205965034914
  },
  "test": {
    "hits@1": 0.5989445910290238,
    "hits@3": 0.8258575197889182,
    "hits@10": 0.9076517150395779,
    "mrr": 0.7190630110450801
  }
}