{
  "valid": {
    "hits@1": 0.4745762711864407,
    "hits@3": 0.864406779661017,
    "hits@10": 0.9491525423728814,
    "mrr": 0.6756021411134314
  },
  "test": {
    "hits@1": 0.48812664907651715,
    "hits@3": 0.783641160949868,
    "hits@10": 0.9076517150395779,
    "mrr": 0.6541384790095228
  }
}