{
  "valid": {
    "hits@1": 0.1,
    "hits@3": 0.3954802259887006,
    "hits@10": 0.7344632768361582,
    "mrr": 0.296825548316847416
  },
  "test": {
    "hits@1": 0.1,
    "hits@3": 0.395778364116095,
    "hits@10": 0.8179419525065963,
    "mrr": 0.30999406175497948
  }
}