{
  "valid": {
    "hits@1": 0.0,
    "hits@3": 0.0,
    "hits@10": 0.0,
    "mrr": 0.0004569647949637893
  },
  "test": {
    "hits@1": 0.0,
    "hits@3": 0.0,
    "hits@10": 0.0,
    "mrr": 0.0005277620694861624
  }
}