{
  "valid": {
    "hits@1": 0.8361581920903954,
    "hits@3": 0.8926553672316384,
    "hits@10": 0.9096045197740112,
    "mrr": 0.8660585630962645
  },
  "test": {
    "hits@1": 0.783641160949868,
    "hits@3": 0.841688654353562,
    "hits@10": 0.8654353562005277,
    "mrr": 0.8152086091724534
  }
}