{
  "valid": {
    "hits@1": 0.0,
    "hits@3": 0.0,
    "hits@10": 0.0,
    "mrr": 0.0005015362872062181
  },
  "test": {
    "hits@1": 0.0,
    "hits@3": 0.0,
    "hits@10": 0.0,
    "mrr": 0.000622683076488609
  }
}