{
  "valid": {
    "hits@1": 0.6045197740112994,
    "hits@3": 0.8192090395480226,
    "hits@10": 0.943502824858757,
    "mrr": 0.7336804347945072
  },
  "test": {
    "hits@1": 0.5303430079155673,
    "hits@3": 0.7862796833773087,
    "hits@10": 0.9076517150395779,
    "mrr": 0.6754880259042395
  }
}