{
  "valid": {
    "hits@1": 0.1638418079096045,
    "hits@3": 0.7966101694915254,
    "hits@10": 0.9265536723163842,
    "mrr": 0.4549285213185179
  },
  "test": {
    "hits@1": 0.18733509234828497,
    "hits@3": 0.7440633245382586,
    "hits@10": 0.8970976253298153,
    "mrr": 0.4581834639188203
  }
}