{
  "valid": {
    "hits@1": 0.5254237288135594,
    "hits@3": 0.847457627118644,
    "hits@10": 0.943502824858757,
    "mrr": 0.6925562957825296
  },
  "test": {
    "hits@1": 0.5145118733509235,
    "hits@3": 0.7519788918205804,
    "hits@10": 0.9102902374670184,
    "mrr": 0.6505297426997799
  }
}