{
  "valid": {
    "hits@1": 0.5988700564971752,
    "hits@3": 0.6892655367231638,
    "hits@10": 0.7344632768361582,
    "mrr": 0.6514757579789405
  },
  "test": {
    "hits@1": 0.5092348284960422,
    "hits@3": 0.5804749340369393,
    "hits@10": 0.633245382585752,
    "mrr": 0.554621202198444
  }
}